Czas (s),Kanał 1 (Lead II),Kanał 2 (V5)
0.0,-0.145,-0.065
0.002777777777777778,-0.145,-0.065
0.005555555555555556,-0.145,-0.065
0.008333333333333333,-0.145,-0.065
0.011111111111111112,-0.145,-0.065
0.013888888888888888,-0.145,-0.065
0.016666666666666666,-0.145,-0.065
0.019444444444444445,-0.145,-0.065
0.022222222222222223,-0.12,-0.08
0.025,-0.135,-0.08
0.027777777777777776,-0.145,-0.085
0.030555555555555555,-0.15,-0.085
0.03333333333333333,-0.16,-0.075
0.03611111111111111,-0.155,-0.07
0.03888888888888889,-0.16,-0.07
0.041666666666666664,-0.175,-0.065
0.044444444444444446,-0.18,-0.055
0.04722222222222222,-0.185,-0.05
0.05,-0.17,-0.05
0.05277777777777778,-0.155,-0.04
0.05555555555555555,-0.175,-0.04
0.058333333333333334,-0.18,-0.055
0.06111111111111111,-0.19,-0.075
0.06388888888888888,-0.18,-0.08
0.06666666666666667,-0.155,-0.085
0.06944444444444445,-0.135,-0.07
0.07222222222222222,-0.155,-0.08
0.075,-0.19,-0.08
0.07777777777777778,-0.205,-0.09
0.08055555555555556,-0.235,-0.095
0.08333333333333333,-0.225,-0.09
0.08611111111111111,-0.245,-0.095
0.08888888888888889,-0.25,-0.11
0.09166666666666666,-0.26,-0.12
0.09444444444444444,-0.275,-0.145
0.09722222222222222,-0.275,-0.135
0.1,-0.275,-0.105
0.10277777777777777,-0.265,-0.095
0.10555555555555556,-0.255,-0.105
0.10833333333333334,-0.265,-0.12
0.1111111111111111,-0.275,-0.135
0.11388888888888889,-0.29,-0.125
0.11666666666666667,-0.29,-0.125
0.11944444444444445,-0.29,-0.115
0.12222222222222222,-0.29,-0.115
0.125,-0.285,-0.125
0.12777777777777777,-0.295,-0.14
0.13055555555555556,-0.305,-0.14
0.13333333333333333,-0.285,-0.13
0.1361111111111111,-0.275,-0.125
0.1388888888888889,-0.275,-0.14
0.14166666666666666,-0.28,-0.145
0.14444444444444443,-0.285,-0.15
0.14722222222222223,-0.305,-0.15
0.15,-0.29,-0.13
0.1527777777777778,-0.3,-0.115
0.15555555555555556,-0.28,-0.125
0.15833333333333333,-0.29,-0.135
0.16111111111111112,-0.3,-0.16
0.1638888888888889,-0.315,-0.195
0.16666666666666666,-0.32,-0.2
0.16944444444444445,-0.335,-0.205
0.17222222222222222,-0.36,-0.225
0.175,-0.385,-0.255
0.17777777777777778,-0.385,-0.3
0.18055555555555555,-0.405,-0.29
0.18333333333333332,-0.455,-0.235
0.18611111111111112,-0.485,-0.13
0.18888888888888888,-0.485,-0.035
0.19166666666666668,-0.425,0.05
0.19444444444444445,-0.33,0.12
0.19722222222222222,-0.22,0.2
0.2,-0.07,0.31
0.20277777777777778,0.12,0.435
0.20555555555555555,0.375,0.535
0.20833333333333334,0.62,0.58
0.2111111111111111,0.78,0.475
0.21388888888888888,0.84,0.21
0.21666666666666667,0.765,-0.085
0.21944444444444444,0.52,-0.23
0.2222222222222222,0.17,-0.25
0.225,-0.165,-0.215
0.22777777777777777,-0.365,-0.18
0.23055555555555557,-0.435,-0.185
0.23333333333333334,-0.425,-0.16
0.2361111111111111,-0.37,-0.15
0.2388888888888889,-0.33,-0.15
0.24166666666666667,-0.325,-0.18
0.24444444444444444,-0.335,-0.18
0.24722222222222223,-0.345,-0.16
0.25,-0.33,-0.165
0.25277777777777777,-0.325,-0.17
0.25555555555555554,-0.315,-0.165
0.25833333333333336,-0.31,-0.185
0.2611111111111111,-0.32,-0.185
0.2638888888888889,-0.335,-0.185
0.26666666666666666,-0.34,-0.17
0.26944444444444443,-0.325,-0.16
0.2722222222222222,-0.345,-0.155
0.275,-0.335,-0.175
0.2777777777777778,-0.33,-0.195
0.28055555555555556,-0.335,-0.185
0.2833333333333333,-0.33,-0.185
0.2861111111111111,-0.325,-0.175
0.28888888888888886,-0.33,-0.175
0.2916666666666667,-0.33,-0.195
0.29444444444444445,-0.345,-0.19
0.2972222222222222,-0.355,-0.18
0.3,-0.335,-0.165
0.30277777777777776,-0.325,-0.17
0.3055555555555556,-0.305,-0.17
0.30833333333333335,-0.32,-0.17
0.3111111111111111,-0.32,-0.19
0.3138888888888889,-0.33,-0.185
0.31666666666666665,-0.34,-0.18
0.3194444444444444,-0.335,-0.17
0.32222222222222224,-0.34,-0.175
0.325,-0.345,-0.19
0.3277777777777778,-0.355,-0.2
0.33055555555555555,-0.355,-0.195
0.3333333333333333,-0.34,-0.185
0.33611111111111114,-0.33,-0.17
0.3388888888888889,-0.33,-0.17
0.3416666666666667,-0.33,-0.185
0.34444444444444444,-0.34,-0.195
0.3472222222222222,-0.35,-0.175
0.35,-0.325,-0.2
0.3527777777777778,-0.325,-0.185
0.35555555555555557,-0.33,-0.18
0.35833333333333334,-0.33,-0.185
0.3611111111111111,-0.335,-0.205
0.3638888888888889,-0.335,-0.19
0.36666666666666664,-0.34,-0.18
0.36944444444444446,-0.33,-0.185
0.37222222222222223,-0.34,-0.2
0.375,-0.35,-0.215
0.37777777777777777,-0.355,-0.205
0.38055555555555554,-0.35,-0.21
0.38333333333333336,-0.345,-0.2
0.3861111111111111,-0.33,-0.185
0.3888888888888889,-0.32,-0.205
0.39166666666666666,-0.335,-0.2
0.39444444444444443,-0.33,-0.21
0.3972222222222222,-0.345,-0.205
0.4,-0.33,-0.185
0.4027777777777778,-0.335,-0.185
0.40555555555555556,-0.335,-0.2
0.4083333333333333,-0.345,-0.215
0.4111111111111111,-0.345,-0.225
0.41388888888888886,-0.355,-0.22
0.4166666666666667,-0.34,-0.2
0.41944444444444445,-0.34,-0.2
0.4222222222222222,-0.335,-0.215
0.425,-0.33,-0.225
0.42777777777777776,-0.35,-0.235
0.4305555555555556,-0.35,-0.245
0.43333333333333335,-0.345,-0.24
0.4361111111111111,-0.335,-0.24
0.4388888888888889,-0.335,-0.24
0.44166666666666665,-0.335,-0.245
0.4444444444444444,-0.35,-0.26
0.44722222222222224,-0.355,-0.26
0.45,-0.355,-0.265
0.4527777777777778,-0.345,-0.265
0.45555555555555555,-0.345,-0.28
0.4583333333333333,-0.335,-0.285
0.46111111111111114,-0.35,-0.295
0.4638888888888889,-0.36,-0.295
0.4666666666666667,-0.36,-0.3
0.46944444444444444,-0.36,-0.29
0.4722222222222222,-0.365,-0.3
0.475,-0.36,-0.315
0.4777777777777778,-0.37,-0.315
0.48055555555555557,-0.385,-0.315
0.48333333333333334,-0.37,-0.315
0.4861111111111111,-0.36,-0.31
0.4888888888888889,-0.355,-0.31
0.49166666666666664,-0.36,-0.325
0.49444444444444446,-0.375,-0.33
0.49722222222222223,-0.375,-0.325
0.5,-0.365,-0.315
0.5027777777777778,-0.365,-0.305
0.5055555555555555,-0.36,-0.305
0.5083333333333333,-0.36,-0.29
0.5111111111111111,-0.365,-0.29
0.5138888888888888,-0.37,-0.275
0.5166666666666667,-0.355,-0.27
0.5194444444444445,-0.33,-0.245
0.5222222222222223,-0.325,-0.24
0.525,-0.325,-0.25
0.5277777777777778,-0.335,-0.25
0.5305555555555556,-0.34,-0.235
0.5333333333333333,-0.315,-0.22
0.5361111111111111,-0.3,-0.195
0.5388888888888889,-0.3,-0.19
0.5416666666666666,-0.29,-0.19
0.5444444444444444,-0.295,-0.19
0.5472222222222223,-0.29,-0.18
0.55,-0.285,-0.16
0.5527777777777778,-0.275,-0.145
0.5555555555555556,-0.255,-0.15
0.5583333333333333,-0.25,-0.16
0.5611111111111111,-0.25,-0.16
0.5638888888888889,-0.265,-0.155
0.5666666666666667,-0.255,-0.145
0.5694444444444444,-0.245,-0.14
0.5722222222222222,-0.23,-0.16
0.575,-0.245,-0.15
0.5777777777777777,-0.245,-0.175
0.5805555555555556,-0.255,-0.17
0.5833333333333334,-0.255,-0.16
0.5861111111111111,-0.24,-0.16
0.5888888888888889,-0.25,-0.15
0.5916666666666667,-0.255,-0.155
0.5944444444444444,-0.245,-0.16
0.5972222222222222,-0.255,-0.17
0.6,-0.25,-0.155
0.6027777777777777,-0.25,-0.155
0.6055555555555555,-0.265,-0.15
0.6083333333333333,-0.26,-0.165
0.6111111111111112,-0.26,-0.175
0.6138888888888889,-0.265,-0.165
0.6166666666666667,-0.27,-0.165
0.6194444444444445,-0.265,-0.16
0.6222222222222222,-0.26,-0.16
0.625,-0.275,-0.18
0.6277777777777778,-0.28,-0.175
0.6305555555555555,-0.29,-0.185
0.6333333333333333,-0.275,-0.165
0.6361111111111111,-0.27,-0.15
0.6388888888888888,-0.26,-0.15
0.6416666666666667,-0.28,-0.17
0.6444444444444445,-0.28,-0.185
0.6472222222222223,-0.285,-0.195
0.65,-0.275,-0.19
0.6527777777777778,-0.275,-0.19
0.6555555555555556,-0.265,-0.185
0.6583333333333333,-0.27,-0.19
0.6611111111111111,-0.285,-0.21
0.6638888888888889,-0.29,-0.195
0.6666666666666666,-0.28,-0.19
0.6694444444444444,-0.275,-0.18
0.6722222222222223,-0.285,-0.205
0.675,-0.28,-0.215
0.6777777777777778,-0.3,-0.225
0.6805555555555556,-0.3,-0.21
0.6833333333333333,-0.305,-0.205
0.6861111111111111,-0.295,-0.195
0.6888888888888889,-0.3,-0.2
0.6916666666666667,-0.31,-0.195
0.6944444444444444,-0.31,-0.21
0.6972222222222222,-0.305,-0.215
0.7,-0.295,-0.205
0.7027777777777777,-0.285,-0.185
0.7055555555555556,-0.285,-0.195
0.7083333333333334,-0.29,-0.195
0.7111111111111111,-0.295,-0.22
0.7138888888888889,-0.31,-0.22
0.7166666666666667,-0.29,-0.21
0.7194444444444444,-0.295,-0.215
0.7222222222222222,-0.3,-0.22
0.725,-0.305,-0.22
0.7277777777777777,-0.31,-0.225
0.7305555555555555,-0.325,-0.21
0.7333333333333333,-0.31,-0.2
0.7361111111111112,-0.3,-0.21
0.7388888888888889,-0.29,-0.225
0.7416666666666667,-0.31,-0.23
0.7444444444444445,-0.325,-0.225
0.7472222222222222,-0.33,-0.22
0.75,-0.315,-0.23
0.7527777777777778,-0.3,-0.21
0.7555555555555555,-0.305,-0.215
0.7583333333333333,-0.31,-0.215
0.7611111111111111,-0.32,-0.23
0.7638888888888888,-0.33,-0.215
0.7666666666666667,-0.325,-0.22
0.7694444444444445,-0.315,-0.205
0.7722222222222223,-0.31,-0.205
0.775,-0.305,-0.21
0.7777777777777778,-0.305,-0.215
0.7805555555555556,-0.31,-0.225
0.7833333333333333,-0.3,-0.215
0.7861111111111111,-0.305,-0.215
0.7888888888888889,-0.29,-0.215
0.7916666666666666,-0.3,-0.225
0.7944444444444444,-0.3,-0.225
0.7972222222222223,-0.305,-0.225
0.8,-0.305,-0.205
0.8027777777777778,-0.29,-0.195
0.8055555555555556,-0.28,-0.21
0.8083333333333333,-0.295,-0.21
0.8111111111111111,-0.305,-0.215
0.8138888888888889,-0.315,-0.235
0.8166666666666667,-0.305,-0.23
0.8194444444444444,-0.295,-0.22
0.8222222222222222,-0.29,-0.22
0.825,-0.28,-0.23
0.8277777777777777,-0.27,-0.225
0.8305555555555556,-0.275,-0.23
0.8333333333333334,-0.275,-0.215
0.8361111111111111,-0.27,-0.195
0.8388888888888889,-0.25,-0.195
0.8416666666666667,-0.25,-0.19
0.8444444444444444,-0.255,-0.2
0.8472222222222222,-0.225,-0.195
0.85,-0.22,-0.18
0.8527777777777777,-0.205,-0.17
0.8555555555555555,-0.2,-0.18
0.8583333333333333,-0.205,-0.175
0.8611111111111112,-0.215,-0.195
0.8638888888888889,-0.23,-0.195
0.8666666666666667,-0.22,-0.17
0.8694444444444445,-0.225,-0.175
0.8722222222222222,-0.225,-0.175
0.875,-0.225,-0.18
0.8777777777777778,-0.23,-0.185
0.8805555555555555,-0.235,-0.185
0.8833333333333333,-0.24,-0.175
0.8861111111111111,-0.235,-0.175
0.8888888888888888,-0.22,-0.175
0.8916666666666667,-0.21,-0.19
0.8944444444444445,-0.205,-0.205
0.8972222222222223,-0.245,-0.2
0.9,-0.285,-0.205
0.9027777777777778,-0.285,-0.205
0.9055555555555556,-0.3,-0.215
0.9083333333333333,-0.31,-0.215
0.9111111111111111,-0.33,-0.225
0.9138888888888889,-0.33,-0.215
0.9166666666666666,-0.325,-0.21
0.9194444444444444,-0.315,-0.2
0.9222222222222223,-0.32,-0.215
0.925,-0.315,-0.225
0.9277777777777778,-0.325,-0.245
0.9305555555555556,-0.34,-0.245
0.9333333333333333,-0.345,-0.25
0.9361111111111111,-0.34,-0.225
0.9388888888888889,-0.34,-0.23
0.9416666666666667,-0.35,-0.235
0.9444444444444444,-0.345,-0.24
0.9472222222222222,-0.355,-0.235
0.95,-0.33,-0.235
0.9527777777777777,-0.335,-0.22
0.9555555555555556,-0.33,-0.23
0.9583333333333334,-0.32,-0.24
0.9611111111111111,-0.345,-0.24
0.9638888888888889,-0.355,-0.245
0.9666666666666667,-0.34,-0.225
0.9694444444444444,-0.33,-0.225
0.9722222222222222,-0.325,-0.235
0.975,-0.33,-0.25
0.9777777777777777,-0.35,-0.27
0.9805555555555555,-0.365,-0.28
0.9833333333333333,-0.36,-0.29
0.9861111111111112,-0.38,-0.3
0.9888888888888889,-0.425,-0.33
0.9916666666666667,-0.445,-0.36
0.9944444444444445,-0.475,-0.355
0.9972222222222222,-0.51,-0.305
1.0,-0.535,-0.205
1.0027777777777778,-0.505,-0.08
1.0055555555555555,-0.415,0.015
1.0083333333333333,-0.3,0.065
1.011111111111111,-0.16,0.115
1.0138888888888888,-0.015,0.19
1.0166666666666666,0.235,0.3
1.0194444444444444,0.49,0.41
1.0222222222222221,0.72,0.495
1.025,0.875,0.485
1.0277777777777777,0.94,0.36
1.0305555555555554,0.905,0.105
1.0333333333333334,0.755,-0.165
1.0361111111111112,0.49,-0.35
1.038888888888889,0.165,-0.45
1.0416666666666667,-0.11,-0.47
1.0444444444444445,-0.27,-0.45
1.0472222222222223,-0.39,-0.395
1.05,-0.45,-0.345
1.0527777777777778,-0.475,-0.31
1.0555555555555556,-0.455,-0.295
1.0583333333333333,-0.425,-0.285
1.0611111111111111,-0.39,-0.295
1.0638888888888889,-0.39,-0.295
1.0666666666666667,-0.385,-0.28
1.0694444444444444,-0.39,-0.285
1.0722222222222222,-0.38,-0.285
1.075,-0.38,-0.285
1.0777777777777777,-0.38,-0.29
1.0805555555555555,-0.395,-0.275
1.0833333333333333,-0.385,-0.275
1.086111111111111,-0.385,-0.275
1.0888888888888888,-0.385,-0.27
1.0916666666666666,-0.375,-0.285
1.0944444444444446,-0.395,-0.295
1.0972222222222223,-0.41,-0.29
1.1,-0.41,-0.275
1.1027777777777779,-0.4,-0.265
1.1055555555555556,-0.395,-0.265
1.1083333333333334,-0.39,-0.275
1.1111111111111112,-0.405,-0.295
1.113888888888889,-0.395,-0.29
1.1166666666666667,-0.385,-0.285
1.1194444444444445,-0.375,-0.27
1.1222222222222222,-0.39,-0.265
1.125,-0.39,-0.275
1.1277777777777778,-0.405,-0.28
1.1305555555555555,-0.41,-0.28
1.1333333333333333,-0.41,-0.27
1.136111111111111,-0.39,-0.265
1.1388888888888888,-0.39,-0.27
1.1416666666666666,-0.395,-0.27
1.1444444444444444,-0.405,-0.28
1.1472222222222221,-0.415,-0.27
1.15,-0.4,-0.265
1.1527777777777777,-0.41,-0.265
1.1555555555555554,-0.405,-0.265
1.1583333333333334,-0.41,-0.27
1.1611111111111112,-0.415,-0.285
1.163888888888889,-0.41,-0.285
1.1666666666666667,-0.4,-0.265
1.1694444444444445,-0.4,-0.265
1.1722222222222223,-0.395,-0.255
1.175,-0.39,-0.275
1.1777777777777778,-0.405,-0.275
1.1805555555555556,-0.41,-0.28
1.1833333333333333,-0.39,-0.27
1.1861111111111111,-0.39,-0.265
1.1888888888888889,-0.385,-0.275
1.1916666666666667,-0.385,-0.285
1.1944444444444444,-0.41,-0.28
1.1972222222222222,-0.405,-0.28
1.2,-0.395,-0.275
1.2027777777777777,-0.39,-0.275
1.2055555555555555,-0.375,-0.275
1.2083333333333333,-0.39,-0.285
1.211111111111111,-0.395,-0.295
1.2138888888888888,-0.41,-0.295
1.2166666666666666,-0.4,-0.275
1.2194444444444446,-0.39,-0.275
1.2222222222222223,-0.39,-0.285
1.225,-0.385,-0.29
1.2277777777777779,-0.405,-0.315
1.2305555555555556,-0.415,-0.315
1.2333333333333334,-0.415,-0.305
1.2361111111111112,-0.4,-0.29
1.238888888888889,-0.395,-0.31
1.2416666666666667,-0.405,-0.32
1.2444444444444445,-0.415,-0.32
1.2472222222222222,-0.42,-0.335
1.25,-0.42,-0.33
1.2527777777777778,-0.41,-0.325
1.2555555555555555,-0.415,-0.345
1.2583333333333333,-0.425,-0.35
1.261111111111111,-0.42,-0.365
1.2638888888888888,-0.435,-0.37
1.2666666666666666,-0.43,-0.355
1.2694444444444444,-0.43,-0.36
1.2722222222222221,-0.42,-0.37
1.275,-0.43,-0.39
1.2777777777777777,-0.45,-0.395
1.2805555555555554,-0.455,-0.4
1.2833333333333334,-0.45,-0.39
1.2861111111111112,-0.435,-0.385
1.288888888888889,-0.445,-0.39
1.2916666666666667,-0.45,-0.4
1.2944444444444445,-0.455,-0.41
1.2972222222222223,-0.47,-0.42
1.3,-0.46,-0.405
1.3027777777777778,-0.455,-0.41
1.3055555555555556,-0.45,-0.41
1.3083333333333333,-0.455,-0.4
1.3111111111111111,-0.47,-0.405
1.3138888888888889,-0.475,-0.39
1.3166666666666667,-0.46,-0.385
1.3194444444444444,-0.45,-0.365
1.3222222222222222,-0.445,-0.355
1.325,-0.44,-0.345
1.3277777777777777,-0.435,-0.355
1.3305555555555555,-0.44,-0.33
1.3333333333333333,-0.41,-0.295
1.336111111111111,-0.395,-0.275
1.3388888888888888,-0.37,-0.27
1.3416666666666666,-0.365,-0.26
1.3444444444444446,-0.36,-0.265
1.3472222222222223,-0.365,-0.265
1.35,-0.34,-0.245
1.3527777777777779,-0.325,-0.225
1.3555555555555556,-0.315,-0.21
1.3583333333333334,-0.32,-0.215
1.3611111111111112,-0.33,-0.215
1.363888888888889,-0.33,-0.205
1.3666666666666667,-0.32,-0.195
1.3694444444444445,-0.31,-0.185
1.3722222222222222,-0.3,-0.185
1.375,-0.3,-0.195
1.3777777777777778,-0.32,-0.195
1.3805555555555555,-0.32,-0.195
1.3833333333333333,-0.315,-0.185
1.386111111111111,-0.305,-0.17
1.3888888888888888,-0.305,-0.185
1.3916666666666666,-0.295,-0.195
1.3944444444444444,-0.32,-0.195
1.3972222222222221,-0.33,-0.195
1.4,-0.305,-0.185
1.4027777777777777,-0.31,-0.175
1.4055555555555554,-0.3,-0.175
1.4083333333333334,-0.3,-0.185
1.4111111111111112,-0.32,-0.195
1.413888888888889,-0.325,-0.195
1.4166666666666667,-0.31,-0.195
1.4194444444444445,-0.305,-0.18
1.4222222222222223,-0.315,-0.185
1.425,-0.305,-0.19
1.4277777777777778,-0.315,-0.195
1.4305555555555556,-0.315,-0.195
1.4333333333333333,-0.31,-0.19
1.4361111111111111,-0.295,-0.185
1.4388888888888889,-0.29,-0.185
1.4416666666666667,-0.305,-0.19
1.4444444444444444,-0.31,-0.2
1.4472222222222222,-0.32,-0.215
1.45,-0.315,-0.195
1.4527777777777777,-0.3,-0.185
1.4555555555555555,-0.315,-0.185
1.4583333333333333,-0.315,-0.185
1.461111111111111,-0.315,-0.2
1.4638888888888888,-0.33,-0.205
1.4666666666666666,-0.315,-0.19
1.4694444444444446,-0.32,-0.19
1.4722222222222223,-0.315,-0.2
1.475,-0.325,-0.2
1.4777777777777779,-0.335,-0.195
1.4805555555555556,-0.34,-0.22
1.4833333333333334,-0.335,-0.205
1.4861111111111112,-0.335,-0.19
1.488888888888889,-0.33,-0.2
1.4916666666666667,-0.325,-0.22
1.4944444444444445,-0.345,-0.23
1.4972222222222222,-0.35,-0.21
1.5,-0.345,-0.205
1.5027777777777778,-0.335,-0.2
1.5055555555555555,-0.33,-0.195
1.5083333333333333,-0.33,-0.22
1.511111111111111,-0.345,-0.225
1.5138888888888888,-0.345,-0.225
1.5166666666666666,-0.345,-0.215
1.5194444444444444,-0.32,-0.205
1.5222222222222221,-0.33,-0.205
1.525,-0.335,-0.215
1.5277777777777777,-0.34,-0.225
1.5305555555555554,-0.355,-0.22
1.5333333333333334,-0.335,-0.225
1.5361111111111112,-0.33,-0.195
1.538888888888889,-0.33,-0.215
1.5416666666666667,-0.335,-0.22
1.5444444444444445,-0.355,-0.215
1.5472222222222223,-0.36,-0.225
1.55,-0.355,-0.215
1.5527777777777778,-0.35,-0.21
1.5555555555555556,-0.34,-0.21
1.5583333333333333,-0.345,-0.225
1.5611111111111111,-0.345,-0.23
1.5638888888888889,-0.345,-0.22
1.5666666666666667,-0.345,-0.21
1.5694444444444444,-0.33,-0.205
1.5722222222222222,-0.33,-0.2
1.575,-0.335,-0.205
1.5777777777777777,-0.345,-0.22
1.5805555555555555,-0.35,-0.23
1.5833333333333333,-0.35,-0.215
1.586111111111111,-0.34,-0.205
1.5888888888888888,-0.33,-0.2
1.5916666666666666,-0.345,-0.23
1.5944444444444446,-0.345,-0.22
1.5972222222222223,-0.355,-0.215
1.6,-0.35,-0.205
1.6027777777777779,-0.34,-0.2
1.6055555555555556,-0.33,-0.205
1.6083333333333334,-0.34,-0.22
1.6111111111111112,-0.34,-0.22
1.613888888888889,-0.34,-0.225
1.6166666666666667,-0.33,-0.205
1.6194444444444445,-0.335,-0.2
1.6222222222222222,-0.33,-0.2
1.625,-0.335,-0.21
1.6277777777777778,-0.345,-0.23
1.6305555555555555,-0.345,-0.215
1.6333333333333333,-0.34,-0.2
1.636111111111111,-0.33,-0.2
1.6388888888888888,-0.315,-0.205
1.6416666666666666,-0.295,-0.21
1.6444444444444444,-0.3,-0.215
1.6472222222222221,-0.295,-0.22
1.65,-0.285,-0.205
1.6527777777777777,-0.275,-0.2
1.6555555555555554,-0.265,-0.195
1.6583333333333334,-0.265,-0.205
1.6611111111111112,-0.265,-0.205
1.663888888888889,-0.255,-0.205
1.6666666666666667,-0.25,-0.18
1.6694444444444445,-0.24,-0.17
1.6722222222222223,-0.225,-0.19
1.675,-0.215,-0.19
1.6777777777777778,-0.24,-0.2
1.6805555555555556,-0.245,-0.185
1.6833333333333333,-0.24,-0.165
1.6861111111111111,-0.245,-0.145
1.6888888888888889,-0.235,-0.145
1.6916666666666667,-0.245,-0.17
1.6944444444444444,-0.25,-0.175
1.6972222222222222,-0.275,-0.17
1.7,-0.275,-0.165
1.7027777777777777,-0.265,-0.15
1.7055555555555555,-0.25,-0.16
1.7083333333333333,-0.225,-0.175
1.711111111111111,-0.22,-0.19
1.7138888888888888,-0.23,-0.19
1.7166666666666666,-0.265,-0.185
1.7194444444444446,-0.27,-0.185
1.7222222222222223,-0.28,-0.175
1.725,-0.285,-0.195
1.7277777777777779,-0.305,-0.215
1.7305555555555556,-0.32,-0.205
1.7333333333333334,-0.34,-0.2
1.7361111111111112,-0.33,-0.195
1.738888888888889,-0.335,-0.205
1.7416666666666667,-0.335,-0.21
1.7444444444444445,-0.355,-0.22
1.7472222222222222,-0.37,-0.215
1.75,-0.36,-0.21
1.7527777777777778,-0.345,-0.205
1.7555555555555555,-0.35,-0.2
1.7583333333333333,-0.355,-0.21
1.761111111111111,-0.365,-0.22
1.7638888888888888,-0.375,-0.22
1.7666666666666666,-0.38,-0.22
1.7694444444444444,-0.37,-0.2
1.7722222222222221,-0.365,-0.205
1.775,-0.365,-0.215
1.7777777777777777,-0.38,-0.225
1.7805555555555554,-0.385,-0.22
1.7833333333333334,-0.38,-0.215
1.7861111111111112,-0.375,-0.205
1.788888888888889,-0.355,-0.22
1.7916666666666667,-0.37,-0.225
1.7944444444444445,-0.39,-0.24
1.7972222222222223,-0.405,-0.26
1.8,-0.41,-0.28
1.8027777777777778,-0.435,-0.3
1.8055555555555556,-0.465,-0.345
1.8083333333333333,-0.49,-0.375
1.8111111111111111,-0.52,-0.345
1.8138888888888889,-0.555,-0.26
1.8166666666666667,-0.57,-0.125
1.8194444444444444,-0.525,0.025
1.8222222222222222,-0.405,0.145
1.825,-0.25,0.26
1.8277777777777777,-0.09,0.375
1.8305555555555555,0.12,0.505
1.8333333333333333,0.41,0.635
1.836111111111111,0.69,0.705
1.8388888888888888,0.885,0.61
1.8416666666666666,0.96,0.32
1.8444444444444446,0.85,-0.045
1.8472222222222223,0.52,-0.25
1.85,0.05,-0.27
1.8527777777777779,-0.32,-0.24
1.8555555555555556,-0.5,-0.24
1.8583333333333334,-0.505,-0.25
1.8611111111111112,-0.445,-0.255
1.863888888888889,-0.415,-0.245
1.8666666666666667,-0.395,-0.245
1.8694444444444445,-0.39,-0.245
1.8722222222222222,-0.395,-0.255
1.875,-0.39,-0.26
1.8777777777777778,-0.395,-0.26
1.8805555555555555,-0.405,-0.27
1.8833333333333333,-0.395,-0.245
1.886111111111111,-0.405,-0.245
1.8888888888888888,-0.39,-0.25
1.8916666666666666,-0.395,-0.265
1.8944444444444444,-0.395,-0.27
1.8972222222222221,-0.41,-0.27
1.9,-0.405,-0.265
1.9027777777777777,-0.4,-0.26
1.9055555555555554,-0.4,-0.26
1.9083333333333334,-0.415,-0.27
1.9111111111111112,-0.405,-0.28
1.913888888888889,-0.42,-0.28
1.9166666666666667,-0.415,-0.27
1.9194444444444445,-0.405,-0.255
1.9222222222222223,-0.405,-0.265
1.925,-0.42,-0.28
1.9277777777777778,-0.42,-0.29
1.9305555555555556,-0.435,-0.275
1.9333333333333333,-0.42,-0.265
1.9361111111111111,-0.41,-0.255
1.9388888888888889,-0.41,-0.26
1.9416666666666667,-0.405,-0.26
1.9444444444444444,-0.425,-0.28
1.9472222222222222,-0.43,-0.28
1.95,-0.42,-0.265
1.9527777777777777,-0.415,-0.26
1.9555555555555555,-0.41,-0.255
1.9583333333333333,-0.41,-0.26
1.961111111111111,-0.425,-0.275
1.9638888888888888,-0.42,-0.27
1.9666666666666666,-0.4,-0.275
1.9694444444444446,-0.395,-0.265
1.9722222222222223,-0.4,-0.265
1.975,-0.4,-0.27
1.9777777777777779,-0.395,-0.28
1.9805555555555556,-0.415,-0.285
1.9833333333333334,-0.405,-0.28
1.9861111111111112,-0.39,-0.255
1.988888888888889,-0.4,-0.27
1.9916666666666667,-0.4,-0.28
1.9944444444444445,-0.415,-0.29
1.9972222222222222,-0.425,-0.29
2.0,-0.425,-0.27
2.0027777777777778,-0.415,-0.27
2.0055555555555555,-0.415,-0.285
2.0083333333333333,-0.41,-0.3
2.011111111111111,-0.425,-0.3
2.013888888888889,-0.425,-0.3
2.0166666666666666,-0.42,-0.295
2.0194444444444444,-0.415,-0.275
2.022222222222222,-0.4,-0.295
2.025,-0.4,-0.3
2.0277777777777777,-0.41,-0.31
2.0305555555555554,-0.425,-0.31
2.033333333333333,-0.41,-0.315
2.036111111111111,-0.405,-0.31
2.0388888888888888,-0.395,-0.31
2.0416666666666665,-0.4,-0.335
2.0444444444444443,-0.4,-0.345
2.047222222222222,-0.405,-0.355
2.05,-0.385,-0.35
2.0527777777777776,-0.4,-0.345
2.0555555555555554,-0.39,-0.36
2.058333333333333,-0.39,-0.37
2.061111111111111,-0.4,-0.375
2.063888888888889,-0.415,-0.385
2.066666666666667,-0.405,-0.37
2.0694444444444446,-0.405,-0.37
2.0722222222222224,-0.41,-0.385
2.075,-0.415,-0.4
2.077777777777778,-0.42,-0.415
2.0805555555555557,-0.42,-0.405
2.0833333333333335,-0.425,-0.41
2.0861111111111112,-0.415,-0.39
2.088888888888889,-0.415,-0.405
2.091666666666667,-0.41,-0.41
2.0944444444444446,-0.435,-0.425
2.0972222222222223,-0.43,-0.42
2.1,-0.435,-0.41
2.102777777777778,-0.42,-0.405
2.1055555555555556,-0.42,-0.4
2.1083333333333334,-0.42,-0.4
2.111111111111111,-0.42,-0.405
2.113888888888889,-0.425,-0.385
2.1166666666666667,-0.425,-0.365
2.1194444444444445,-0.415,-0.345
2.1222222222222222,-0.395,-0.335
2.125,-0.395,-0.325
2.1277777777777778,-0.39,-0.31
2.1305555555555555,-0.375,-0.295
2.1333333333333333,-0.36,-0.275
2.136111111111111,-0.34,-0.255
2.138888888888889,-0.335,-0.25
2.1416666666666666,-0.33,-0.24
2.1444444444444444,-0.335,-0.245
2.147222222222222,-0.335,-0.23
2.15,-0.325,-0.205
2.1527777777777777,-0.32,-0.2
2.1555555555555554,-0.305,-0.2
2.158333333333333,-0.305,-0.205
2.161111111111111,-0.315,-0.21
2.1638888888888888,-0.31,-0.22
2.1666666666666665,-0.305,-0.195
2.1694444444444443,-0.3,-0.19
2.172222222222222,-0.3,-0.2
2.175,-0.3,-0.2
2.1777777777777776,-0.31,-0.21
2.1805555555555554,-0.31,-0.2
2.183333333333333,-0.31,-0.19
2.186111111111111,-0.315,-0.175
2.188888888888889,-0.3,-0.2
2.191666666666667,-0.305,-0.205
2.1944444444444446,-0.315,-0.21
2.1972222222222224,-0.32,-0.2
2.2,-0.325,-0.2
2.202777777777778,-0.31,-0.18
2.2055555555555557,-0.305,-0.19
2.2083333333333335,-0.305,-0.19
2.2111111111111112,-0.32,-0.205
2.213888888888889,-0.325,-0.205
2.216666666666667,-0.305,-0.195
2.2194444444444446,-0.31,-0.185
2.2222222222222223,-0.295,-0.19
2.225,-0.31,-0.19
2.227777777777778,-0.325,-0.21
2.2305555555555556,-0.33,-0.21
2.2333333333333334,-0.32,-0.205
2.236111111111111,-0.32,-0.205
2.238888888888889,-0.32,-0.2
2.2416666666666667,-0.325,-0.215
2.2444444444444445,-0.35,-0.225
2.2472222222222222,-0.35,-0.21
2.25,-0.34,-0.21
2.2527777777777778,-0.335,-0.21
2.2555555555555555,-0.33,-0.215
2.2583333333333333,-0.335,-0.225
2.261111111111111,-0.34,-0.225
2.263888888888889,-0.36,-0.23
2.2666666666666666,-0.35,-0.21
2.2694444444444444,-0.35,-0.21
2.272222222222222,-0.355,-0.23
2.275,-0.36,-0.25
2.2777777777777777,-0.355,-0.25
2.2805555555555554,-0.365,-0.245
2.283333333333333,-0.355,-0.23
2.286111111111111,-0.35,-0.215
2.2888888888888888,-0.34,-0.23
2.2916666666666665,-0.355,-0.24
2.2944444444444443,-0.35,-0.245
2.297222222222222,-0.365,-0.245
2.3,-0.365,-0.24
2.3027777777777776,-0.35,-0.215
2.3055555555555554,-0.355,-0.225
2.308333333333333,-0.35,-0.24
2.311111111111111,-0.37,-0.24
2.313888888888889,-0.38,-0.245
2.316666666666667,-0.37,-0.24
2.3194444444444446,-0.36,-0.23
2.3222222222222224,-0.365,-0.235
2.325,-0.36,-0.24
2.327777777777778,-0.365,-0.23
2.3305555555555557,-0.38,-0.25
2.3333333333333335,-0.37,-0.225
2.3361111111111112,-0.365,-0.215
2.338888888888889,-0.35,-0.23
2.341666666666667,-0.35,-0.24
2.3444444444444446,-0.35,-0.25
2.3472222222222223,-0.37,-0.265
2.35,-0.365,-0.23
2.352777777777778,-0.345,-0.22
2.3555555555555556,-0.345,-0.235
2.3583333333333334,-0.34,-0.225
2.361111111111111,-0.355,-0.235
2.363888888888889,-0.365,-0.235
2.3666666666666667,-0.36,-0.225
2.3694444444444445,-0.355,-0.225
2.3722222222222222,-0.355,-0.215
2.375,-0.355,-0.225
2.3777777777777778,-0.375,-0.235
2.3805555555555555,-0.385,-0.23
2.3833333333333333,-0.355,-0.225
2.386111111111111,-0.36,-0.225
2.388888888888889,-0.355,-0.225
2.3916666666666666,-0.36,-0.225
2.3944444444444444,-0.36,-0.23
2.397222222222222,-0.37,-0.23
2.4,-0.36,-0.215
2.4027777777777777,-0.345,-0.21
2.4055555555555554,-0.355,-0.225
2.408333333333333,-0.345,-0.24
2.411111111111111,-0.345,-0.235
2.4138888888888888,-0.345,-0.24
2.4166666666666665,-0.34,-0.225
2.4194444444444443,-0.31,-0.215
2.422222222222222,-0.305,-0.22
2.425,-0.305,-0.22
2.4277777777777776,-0.31,-0.23
2.4305555555555554,-0.305,-0.23
2.433333333333333,-0.29,-0.205
2.436111111111111,-0.285,-0.2
2.438888888888889,-0.275,-0.205
2.441666666666667,-0.28,-0.195
2.4444444444444446,-0.28,-0.21
2.4472222222222224,-0.275,-0.205
2.45,-0.265,-0.19
2.452777777777778,-0.255,-0.185
2.4555555555555557,-0.245,-0.2
2.4583333333333335,-0.26,-0.195
2.4611111111111112,-0.265,-0.2
2.463888888888889,-0.275,-0.19
2.466666666666667,-0.28,-0.17
2.4694444444444446,-0.265,-0.14
2.4722222222222223,-0.27,-0.165
2.475,-0.275,-0.165
2.477777777777778,-0.28,-0.185
2.4805555555555556,-0.275,-0.18
2.4833333333333334,-0.28,-0.17
2.486111111111111,-0.275,-0.15
2.488888888888889,-0.265,-0.165
2.4916666666666667,-0.255,-0.18
2.4944444444444445,-0.24,-0.2
2.4972222222222222,-0.26,-0.21
2.5,-0.28,-0.21
2.5027777777777778,-0.31,-0.185
2.5055555555555555,-0.31,-0.19
2.5083333333333333,-0.345,-0.2
2.511111111111111,-0.36,-0.215
2.513888888888889,-0.38,-0.22
2.5166666666666666,-0.385,-0.21
2.5194444444444444,-0.38,-0.195
2.522222222222222,-0.37,-0.205
2.525,-0.375,-0.22
2.5277777777777777,-0.385,-0.225
2.5305555555555554,-0.39,-0.23
2.533333333333333,-0.395,-0.22
2.536111111111111,-0.385,-0.21
2.5388888888888888,-0.385,-0.21
2.5416666666666665,-0.385,-0.23
2.5444444444444443,-0.395,-0.235
2.547222222222222,-0.405,-0.23
2.55,-0.4,-0.225
2.5527777777777776,-0.375,-0.215
2.5555555555555554,-0.375,-0.22
2.558333333333333,-0.39,-0.22
2.561111111111111,-0.395,-0.23
2.563888888888889,-0.415,-0.24
2.566666666666667,-0.405,-0.22
2.5694444444444446,-0.4,-0.225
2.5722222222222224,-0.39,-0.235
2.575,-0.405,-0.25
2.577777777777778,-0.425,-0.28
2.5805555555555557,-0.46,-0.305
2.5833333333333335,-0.475,-0.325
2.5861111111111112,-0.505,-0.345
2.588888888888889,-0.51,-0.375
2.591666666666667,-0.525,-0.415
2.5944444444444446,-0.54,-0.425
2.5972222222222223,-0.6,-0.385
2.6,-0.645,-0.295
2.602777777777778,-0.63,-0.18
2.6055555555555556,-0.575,-0.065
2.6083333333333334,-0.495,0.035
2.611111111111111,-0.385,0.13
2.613888888888889,-0.27,0.24
2.6166666666666667,-0.115,0.37
2.6194444444444445,0.09,0.495
2.6222222222222222,0.37,0.61
2.625,0.635,0.655
2.6277777777777778,0.81,0.545
2.6305555555555555,0.86,0.23
2.6333333333333333,0.77,-0.105
2.636111111111111,0.475,-0.28
2.638888888888889,0.065,-0.285
2.6416666666666666,-0.305,-0.255
2.6444444444444444,-0.5,-0.255
2.647222222222222,-0.52,-0.26
2.65,-0.475,-0.23
2.6527777777777777,-0.41,-0.22
2.6555555555555554,-0.39,-0.245
2.658333333333333,-0.39,-0.255
2.661111111111111,-0.4,-0.26
2.6638888888888888,-0.41,-0.25
2.6666666666666665,-0.405,-0.235
2.6694444444444443,-0.385,-0.245
2.672222222222222,-0.39,-0.245
2.675,-0.395,-0.26
2.6777777777777776,-0.405,-0.265
2.6805555555555554,-0.41,-0.265
2.683333333333333,-0.405,-0.26
2.686111111111111,-0.4,-0.24
2.688888888888889,-0.39,-0.245
2.691666666666667,-0.395,-0.26
2.6944444444444446,-0.41,-0.27
2.6972222222222224,-0.415,-0.27
2.7,-0.41,-0.255
2.702777777777778,-0.395,-0.255
2.7055555555555557,-0.405,-0.25
2.7083333333333335,-0.41,-0.265
2.7111111111111112,-0.405,-0.27
2.713888888888889,-0.405,-0.27
2.716666666666667,-0.41,-0.265
2.7194444444444446,-0.39,-0.25
2.7222222222222223,-0.385,-0.245
2.725,-0.39,-0.265
2.727777777777778,-0.395,-0.27
2.7305555555555556,-0.4,-0.26
2.7333333333333334,-0.4,-0.255
2.736111111111111,-0.4,-0.245
2.738888888888889,-0.395,-0.25
2.7416666666666667,-0.395,-0.26
2.7444444444444445,-0.405,-0.27
2.7472222222222222,-0.405,-0.26
2.75,-0.4,-0.255
2.7527777777777778,-0.395,-0.25
2.7555555555555555,-0.385,-0.255
2.7583333333333333,-0.375,-0.255
2.761111111111111,-0.385,-0.275
2.763888888888889,-0.395,-0.27
2.7666666666666666,-0.39,-0.265
2.7694444444444444,-0.385,-0.26
2.772222222222222,-0.375,-0.26
2.775,-0.385,-0.275
2.7777777777777777,-0.395,-0.27
2.7805555555555554,-0.395,-0.26
2.783333333333333,-0.385,-0.245
2.786111111111111,-0.375,-0.255
2.7888888888888888,-0.375,-0.265
2.7916666666666665,-0.385,-0.265
2.7944444444444443,-0.395,-0.27
2.797222222222222,-0.39,-0.265
2.8,-0.39,-0.26
2.8027777777777776,-0.365,-0.27
2.8055555555555554,-0.375,-0.265
2.808333333333333,-0.385,-0.27
2.811111111111111,-0.395,-0.28
2.813888888888889,-0.38,-0.285
2.816666666666667,-0.385,-0.28
2.8194444444444446,-0.375,-0.285
2.8222222222222224,-0.38,-0.29
2.825,-0.39,-0.31
2.827777777777778,-0.38,-0.305
2.8305555555555557,-0.375,-0.3
2.8333333333333335,-0.375,-0.3
2.8361111111111112,-0.375,-0.31
2.838888888888889,-0.375,-0.325
2.841666666666667,-0.38,-0.34
2.8444444444444446,-0.39,-0.34
2.8472222222222223,-0.39,-0.325
2.85,-0.365,-0.32
2.852777777777778,-0.37,-0.355
2.8555555555555556,-0.375,-0.36
2.8583333333333334,-0.385,-0.38
2.861111111111111,-0.39,-0.385
2.863888888888889,-0.39,-0.375
2.8666666666666667,-0.375,-0.365
2.8694444444444445,-0.365,-0.375
2.8722222222222222,-0.385,-0.385
2.875,-0.38,-0.39
2.8777777777777778,-0.39,-0.395
2.8805555555555555,-0.375,-0.385
2.8833333333333333,-0.375,-0.375
2.886111111111111,-0.365,-0.375
2.888888888888889,-0.37,-0.375
2.8916666666666666,-0.385,-0.38
2.8944444444444444,-0.395,-0.365
2.897222222222222,-0.385,-0.345
2.9,-0.385,-0.335
2.9027777777777777,-0.37,-0.315
2.9055555555555554,-0.365,-0.31
2.908333333333333,-0.37,-0.305
2.911111111111111,-0.375,-0.29
2.9138888888888888,-0.35,-0.27
2.9166666666666665,-0.335,-0.255
2.9194444444444443,-0.32,-0.25
2.922222222222222,-0.315,-0.245
2.925,-0.32,-0.235
2.9277777777777776,-0.325,-0.235
2.9305555555555554,-0.315,-0.225
2.933333333333333,-0.295,-0.22
2.936111111111111,-0.285,-0.195
2.938888888888889,-0.3,-0.215
2.941666666666667,-0.295,-0.23
2.9444444444444446,-0.285,-0.215
2.9472222222222224,-0.285,-0.205
2.95,-0.28,-0.195
2.952777777777778,-0.27,-0.2
2.9555555555555557,-0.28,-0.195
2.9583333333333335,-0.29,-0.195
2.9611111111111112,-0.295,-0.205
2.963888888888889,-0.295,-0.195
2.966666666666667,-0.29,-0.18
2.9694444444444446,-0.28,-0.19
2.9722222222222223,-0.29,-0.205
2.975,-0.295,-0.21
2.977777777777778,-0.31,-0.205
2.9805555555555556,-0.295,-0.18
2.9833333333333334,-0.285,-0.185
2.986111111111111,-0.28,-0.19
2.988888888888889,-0.275,-0.205
2.9916666666666667,-0.295,-0.215
2.9944444444444445,-0.305,-0.215
2.9972222222222222,-0.3,-0.215
3.0,-0.295,-0.19
3.0027777777777778,-0.295,-0.21
3.0055555555555555,-0.285,-0.2
3.0083333333333333,-0.3,-0.215
3.011111111111111,-0.305,-0.22
3.013888888888889,-0.3,-0.225
3.0166666666666666,-0.295,-0.215
3.0194444444444444,-0.3,-0.215
3.022222222222222,-0.305,-0.23
3.025,-0.315,-0.225
3.0277777777777777,-0.31,-0.225
3.0305555555555554,-0.315,-0.21
3.033333333333333,-0.295,-0.21
3.036111111111111,-0.3,-0.215
3.0388888888888888,-0.31,-0.23
3.0416666666666665,-0.33,-0.235
3.0444444444444443,-0.34,-0.23
3.047222222222222,-0.33,-0.22
3.05,-0.32,-0.215
3.0527777777777776,-0.32,-0.23
3.0555555555555554,-0.315,-0.235
3.058333333333333,-0.325,-0.25
3.061111111111111,-0.335,-0.245
3.063888888888889,-0.33,-0.24
3.066666666666667,-0.315,-0.22
3.0694444444444446,-0.32,-0.23
3.0722222222222224,-0.32,-0.23
3.075,-0.33,-0.235
3.077777777777778,-0.345,-0.24
3.0805555555555557,-0.34,-0.235
3.0833333333333335,-0.335,-0.22
3.0861111111111112,-0.33,-0.23
3.088888888888889,-0.335,-0.24
3.091666666666667,-0.345,-0.255
3.0944444444444446,-0.35,-0.245
3.0972222222222223,-0.345,-0.235
3.1,-0.34,-0.22
3.102777777777778,-0.335,-0.23
3.1055555555555556,-0.335,-0.24
3.1083333333333334,-0.33,-0.25
3.111111111111111,-0.335,-0.255
3.113888888888889,-0.34,-0.24
3.1166666666666667,-0.335,-0.225
3.1194444444444445,-0.32,-0.23
3.1222222222222222,-0.34,-0.235
3.125,-0.34,-0.24
3.1277777777777778,-0.35,-0.245
3.1305555555555555,-0.365,-0.235
3.1333333333333333,-0.36,-0.23
3.136111111111111,-0.345,-0.235
3.138888888888889,-0.345,-0.24
3.1416666666666666,-0.35,-0.245
3.1444444444444444,-0.35,-0.235
3.147222222222222,-0.35,-0.235
3.15,-0.34,-0.23
3.1527777777777777,-0.34,-0.24
3.1555555555555554,-0.345,-0.235
3.158333333333333,-0.345,-0.245
3.161111111111111,-0.38,-0.25
3.1638888888888888,-0.36,-0.23
3.1666666666666665,-0.36,-0.21
3.1694444444444443,-0.345,-0.23
3.172222222222222,-0.345,-0.235
3.175,-0.35,-0.245
3.1777777777777776,-0.355,-0.25
3.1805555555555554,-0.345,-0.245
3.183333333333333,-0.33,-0.23
3.186111111111111,-0.33,-0.23
3.188888888888889,-0.335,-0.235
3.191666666666667,-0.335,-0.25
3.1944444444444446,-0.34,-0.25
3.1972222222222224,-0.33,-0.24
3.2,-0.32,-0.225
3.202777777777778,-0.29,-0.23
3.2055555555555557,-0.29,-0.235
3.2083333333333335,-0.3,-0.24
3.2111111111111112,-0.305,-0.245
3.213888888888889,-0.285,-0.24
3.216666666666667,-0.28,-0.225
3.2194444444444446,-0.275,-0.225
3.2222222222222223,-0.28,-0.23
3.225,-0.275,-0.23
3.227777777777778,-0.27,-0.225
3.2305555555555556,-0.265,-0.205
3.2333333333333334,-0.25,-0.21
3.236111111111111,-0.23,-0.22
3.238888888888889,-0.245,-0.205
3.2416666666666667,-0.24,-0.22
3.2444444444444445,-0.255,-0.22
3.2472222222222222,-0.255,-0.21
3.25,-0.245,-0.19
3.2527777777777778,-0.235,-0.18
3.2555555555555555,-0.255,-0.18
3.2583333333333333,-0.265,-0.185
3.261111111111111,-0.26,-0.19
3.263888888888889,-0.255,-0.19
3.2666666666666666,-0.27,-0.185
3.2694444444444444,-0.265,-0.205
3.272222222222222,-0.28,-0.2
3.275,-0.255,-0.22
3.2777777777777777,-0.25,-0.22
3.2805555555555554,-0.245,-0.22
3.283333333333333,-0.265,-0.21
3.286111111111111,-0.28,-0.225
3.2888888888888888,-0.3,-0.22
3.2916666666666665,-0.315,-0.24
3.2944444444444443,-0.325,-0.245
3.297222222222222,-0.335,-0.235
3.3,-0.345,-0.23
3.3027777777777776,-0.33,-0.245
3.3055555555555554,-0.335,-0.245
3.308333333333333,-0.345,-0.25
3.311111111111111,-0.36,-0.255
3.313888888888889,-0.35,-0.23
3.316666666666667,-0.34,-0.225
3.3194444444444446,-0.335,-0.23
3.3222222222222224,-0.345,-0.245
3.325,-0.36,-0.255
3.327777777777778,-0.365,-0.265
3.3305555555555557,-0.375,-0.255
3.3333333333333335,-0.37,-0.245
3.3361111111111112,-0.365,-0.26
3.338888888888889,-0.365,-0.25
3.341666666666667,-0.38,-0.26
3.3444444444444446,-0.375,-0.27
3.3472222222222223,-0.375,-0.24
3.35,-0.365,-0.245
3.352777777777778,-0.37,-0.25
3.3555555555555556,-0.36,-0.25
3.3583333333333334,-0.37,-0.25
3.361111111111111,-0.38,-0.265
3.363888888888889,-0.365,-0.255
3.3666666666666667,-0.36,-0.245
3.3694444444444445,-0.35,-0.255
3.3722222222222222,-0.355,-0.265
3.375,-0.37,-0.28
3.3777777777777778,-0.385,-0.305
3.3805555555555555,-0.395,-0.32
3.3833333333333333,-0.43,-0.35
3.386111111111111,-0.445,-0.38
3.388888888888889,-0.485,-0.39
3.3916666666666666,-0.515,-0.345
3.3944444444444444,-0.565,-0.24
3.397222222222222,-0.555,-0.11
3.4,-0.475,-0.02
3.4027777777777777,-0.355,0.04
3.4055555555555554,-0.22,0.11
3.408333333333333,-0.055,0.22
3.411111111111111,0.185,0.35
3.4138888888888888,0.475,0.44
3.4166666666666665,0.705,0.395
3.4194444444444443,0.82,0.155
3.422222222222222,0.78,-0.17
3.425,0.535,-0.38
3.4277777777777776,0.145,-0.41
3.4305555555555554,-0.2,-0.355
3.433333333333333,-0.42,-0.32
3.436111111111111,-0.5,-0.305
3.438888888888889,-0.48,-0.3
3.441666666666667,-0.45,-0.295
3.4444444444444446,-0.41,-0.295
3.4472222222222224,-0.4,-0.285
3.45,-0.39,-0.3
3.452777777777778,-0.39,-0.31
3.4555555555555557,-0.4,-0.305
3.4583333333333335,-0.405,-0.305
3.4611111111111112,-0.425,-0.295
3.463888888888889,-0.425,-0.27
3.466666666666667,-0.405,-0.27
3.4694444444444446,-0.395,-0.285
3.4722222222222223,-0.405,-0.305
3.475,-0.405,-0.31
3.477777777777778,-0.415,-0.3
3.4805555555555556,-0.405,-0.29
3.4833333333333334,-0.385,-0.275
3.486111111111111,-0.39,-0.285
3.488888888888889,-0.395,-0.285
3.4916666666666667,-0.395,-0.305
3.4944444444444445,-0.395,-0.29
3.4972222222222222,-0.395,-0.29
3.5,-0.385,-0.285
3.5027777777777778,-0.39,-0.285
3.5055555555555555,-0.39,-0.29
3.5083333333333333,-0.4,-0.3
3.511111111111111,-0.425,-0.295
3.513888888888889,-0.41,-0.285
3.5166666666666666,-0.4,-0.275
3.5194444444444444,-0.395,-0.29
3.522222222222222,-0.4,-0.295
3.525,-0.405,-0.275
3.5277777777777777,-0.425,-0.285
3.5305555555555554,-0.415,-0.285
3.533333333333333,-0.405,-0.26
3.536111111111111,-0.405,-0.27
3.5388888888888888,-0.405,-0.265
3.5416666666666665,-0.41,-0.285
3.5444444444444443,-0.415,-0.29
3.547222222222222,-0.405,-0.295
3.55,-0.42,-0.28
3.5527777777777776,-0.405,-0.29
3.5555555555555554,-0.41,-0.295
3.558333333333333,-0.41,-0.3
3.561111111111111,-0.42,-0.31
3.563888888888889,-0.415,-0.305
3.566666666666667,-0.405,-0.295
3.5694444444444446,-0.395,-0.3
3.5722222222222224,-0.395,-0.28
3.575,-0.395,-0.29
3.577777777777778,-0.4,-0.305
3.5805555555555557,-0.395,-0.29
3.5833333333333335,-0.395,-0.285
3.5861111111111112,-0.405,-0.305
3.588888888888889,-0.405,-0.31
3.591666666666667,-0.42,-0.315
3.5944444444444446,-0.435,-0.305
3.5972222222222223,-0.415,-0.295
3.6,-0.405,-0.29
3.602777777777778,-0.395,-0.295
3.6055555555555556,-0.39,-0.3
3.6083333333333334,-0.415,-0.305
3.611111111111111,-0.405,-0.325
3.613888888888889,-0.405,-0.31
3.6166666666666667,-0.4,-0.3
3.6194444444444445,-0.395,-0.31
3.6222222222222222,-0.395,-0.335
3.625,-0.405,-0.34
3.6277777777777778,-0.42,-0.35
3.6305555555555555,-0.415,-0.355
3.6333333333333333,-0.4,-0.34
3.636111111111111,-0.395,-0.35
3.638888888888889,-0.4,-0.365
3.6416666666666666,-0.405,-0.38
3.6444444444444444,-0.425,-0.4
3.647222222222222,-0.425,-0.385
3.65,-0.425,-0.38
3.6527777777777777,-0.42,-0.39
3.6555555555555554,-0.425,-0.4
3.658333333333333,-0.45,-0.405
3.661111111111111,-0.445,-0.405
3.6638888888888888,-0.45,-0.405
3.6666666666666665,-0.435,-0.415
3.6694444444444443,-0.445,-0.415
3.672222222222222,-0.47,-0.42
3.675,-0.455,-0.415
3.6777777777777776,-0.46,-0.425
3.6805555555555554,-0.44,-0.41
3.683333333333333,-0.435,-0.395
3.686111111111111,-0.425,-0.385
3.688888888888889,-0.43,-0.405
3.691666666666667,-0.445,-0.395
3.6944444444444446,-0.45,-0.395
3.6972222222222224,-0.445,-0.375
3.7,-0.43,-0.37
3.702777777777778,-0.42,-0.375
3.7055555555555557,-0.41,-0.375
3.7083333333333335,-0.425,-0.37
3.7111111111111112,-0.42,-0.36
3.713888888888889,-0.405,-0.345
3.716666666666667,-0.38,-0.32
3.7194444444444446,-0.37,-0.305
3.7222222222222223,-0.365,-0.305
3.725,-0.365,-0.3
3.727777777777778,-0.365,-0.285
3.7305555555555556,-0.345,-0.275
3.7333333333333334,-0.33,-0.26
3.736111111111111,-0.315,-0.245
3.738888888888889,-0.305,-0.245
3.7416666666666667,-0.305,-0.25
3.7444444444444445,-0.32,-0.255
3.7472222222222222,-0.31,-0.245
3.75,-0.31,-0.23
3.7527777777777778,-0.305,-0.235
3.7555555555555555,-0.31,-0.245
3.7583333333333333,-0.315,-0.255
3.761111111111111,-0.32,-0.255
3.763888888888889,-0.315,-0.225
3.7666666666666666,-0.305,-0.23
3.7694444444444444,-0.305,-0.235
3.772222222222222,-0.295,-0.24
3.775,-0.31,-0.25
3.7777777777777777,-0.32,-0.245
3.7805555555555554,-0.31,-0.225
3.783333333333333,-0.315,-0.215
3.786111111111111,-0.295,-0.22
3.7888888888888888,-0.3,-0.24
3.7916666666666665,-0.305,-0.25
3.7944444444444443,-0.3,-0.255
3.797222222222222,-0.285,-0.245
3.8,-0.28,-0.24
3.8027777777777776,-0.29,-0.235
3.8055555555555554,-0.295,-0.245
3.808333333333333,-0.305,-0.255
3.811111111111111,-0.325,-0.25
3.813888888888889,-0.305,-0.235
3.816666666666667,-0.3,-0.23
3.8194444444444446,-0.3,-0.25
3.8222222222222224,-0.315,-0.26
3.825,-0.325,-0.275
3.827777777777778,-0.335,-0.28
3.8305555555555557,-0.325,-0.275
3.8333333333333335,-0.315,-0.26
3.8361111111111112,-0.32,-0.27
3.838888888888889,-0.335,-0.255
3.841666666666667,-0.33,-0.265
3.8444444444444446,-0.34,-0.255
3.8472222222222223,-0.325,-0.265
3.85,-0.325,-0.26
3.852777777777778,-0.32,-0.265
3.8555555555555556,-0.315,-0.265
3.8583333333333334,-0.335,-0.275
3.861111111111111,-0.335,-0.27
3.863888888888889,-0.345,-0.265
3.8666666666666667,-0.335,-0.255
3.8694444444444445,-0.325,-0.255
3.8722222222222222,-0.33,-0.265
3.875,-0.315,-0.275
3.8777777777777778,-0.335,-0.29
3.8805555555555555,-0.33,-0.275
3.8833333333333333,-0.33,-0.26
3.886111111111111,-0.33,-0.27
3.888888888888889,-0.33,-0.265
3.8916666666666666,-0.335,-0.27
3.8944444444444444,-0.34,-0.265
3.897222222222222,-0.33,-0.265
3.9,-0.32,-0.25
3.9027777777777777,-0.315,-0.265
3.9055555555555554,-0.325,-0.265
3.908333333333333,-0.335,-0.27
3.911111111111111,-0.355,-0.27
3.9138888888888888,-0.345,-0.265
3.9166666666666665,-0.34,-0.255
3.9194444444444443,-0.335,-0.26
3.922222222222222,-0.32,-0.255
3.925,-0.325,-0.27
3.9277777777777776,-0.35,-0.27
3.9305555555555554,-0.33,-0.285
3.933333333333333,-0.315,-0.265
3.936111111111111,-0.315,-0.26
3.938888888888889,-0.33,-0.265
3.941666666666667,-0.33,-0.27
3.9444444444444446,-0.335,-0.265
3.9472222222222224,-0.335,-0.26
3.95,-0.33,-0.25
3.952777777777778,-0.33,-0.265
3.9555555555555557,-0.33,-0.265
3.9583333333333335,-0.34,-0.27
3.9611111111111112,-0.34,-0.265
3.963888888888889,-0.34,-0.255
3.966666666666667,-0.325,-0.245
3.9694444444444446,-0.325,-0.255
3.9722222222222223,-0.325,-0.275
3.975,-0.345,-0.275
3.977777777777778,-0.35,-0.275
3.9805555555555556,-0.34,-0.255
3.9833333333333334,-0.33,-0.255
3.986111111111111,-0.32,-0.26
3.988888888888889,-0.31,-0.265
3.9916666666666667,-0.305,-0.285
3.9944444444444445,-0.305,-0.28
3.9972222222222222,-0.275,-0.265
4.0,-0.27,-0.26
4.002777777777778,-0.255,-0.255
4.0055555555555555,-0.26,-0.25
4.008333333333334,-0.265,-0.255
4.011111111111111,-0.26,-0.25
4.013888888888889,-0.25,-0.24
4.016666666666667,-0.235,-0.23
4.019444444444445,-0.235,-0.235
4.022222222222222,-0.22,-0.225
4.025,-0.235,-0.235
4.027777777777778,-0.235,-0.24
4.030555555555556,-0.22,-0.225
4.033333333333333,-0.23,-0.215
4.036111111111111,-0.225,-0.235
4.038888888888889,-0.235,-0.23
4.041666666666667,-0.245,-0.225
4.044444444444444,-0.255,-0.215
4.0472222222222225,-0.24,-0.205
4.05,-0.23,-0.2
4.052777777777778,-0.23,-0.21
4.055555555555555,-0.25,-0.225
4.058333333333334,-0.255,-0.23
4.061111111111111,-0.25,-0.225
4.063888888888889,-0.23,-0.215
4.066666666666666,-0.205,-0.21
4.069444444444445,-0.195,-0.235
4.072222222222222,-0.21,-0.24
4.075,-0.23,-0.255
4.0777777777777775,-0.27,-0.245
4.080555555555556,-0.27,-0.235
4.083333333333333,-0.285,-0.23
4.086111111111111,-0.285,-0.235
4.088888888888889,-0.31,-0.245
4.091666666666667,-0.33,-0.27
4.094444444444444,-0.34,-0.26
4.097222222222222,-0.34,-0.25
4.1,-0.345,-0.24
4.102777777777778,-0.35,-0.24
4.105555555555555,-0.35,-0.255
4.108333333333333,-0.34,-0.26
4.111111111111111,-0.355,-0.265
4.113888888888889,-0.345,-0.255
4.116666666666666,-0.34,-0.245
4.1194444444444445,-0.34,-0.245
4.122222222222222,-0.345,-0.26
4.125,-0.355,-0.255
4.127777777777778,-0.37,-0.26
4.1305555555555555,-0.355,-0.255
4.133333333333334,-0.37,-0.24
4.136111111111111,-0.345,-0.24
4.138888888888889,-0.34,-0.26
4.141666666666667,-0.36,-0.26
4.144444444444445,-0.38,-0.25
4.147222222222222,-0.36,-0.24
4.15,-0.345,-0.235
4.152777777777778,-0.35,-0.24
4.155555555555556,-0.35,-0.255
4.158333333333333,-0.355,-0.27
4.161111111111111,-0.38,-0.285
4.163888888888889,-0.39,-0.29
4.166666666666667,-0.395,-0.31
4.169444444444444,-0.425,-0.33
4.1722222222222225,-0.455,-0.365
4.175,-0.475,-0.37
4.177777777777778,-0.51,-0.35
4.180555555555555,-0.545,-0.26
4.183333333333334,-0.54,-0.135
4.186111111111111,-0.495,-0.02
4.188888888888889,-0.405,0.035
4.191666666666666,-0.295,0.095
4.194444444444445,-0.16,0.185
4.197222222222222,0.04,0.315
4.2,0.315,0.45
4.2027777777777775,0.595,0.515
4.205555555555556,0.8,0.45
4.208333333333333,0.885,0.175
4.211111111111111,0.795,-0.18
4.213888888888889,0.52,-0.385
4.216666666666667,0.13,-0.395
4.219444444444444,-0.215,-0.345
4.222222222222222,-0.425,-0.31
4.225,-0.5,-0.29
4.227777777777778,-0.49,-0.275
4.230555555555555,-0.45,-0.265
4.233333333333333,-0.4,-0.235
4.236111111111111,-0.39,-0.25
4.238888888888889,-0.395,-0.265
4.241666666666666,-0.395,-0.255
4.2444444444444445,-0.4,-0.245
4.247222222222222,-0.39,-0.24
4.25,-0.38,-0.24
4.252777777777778,-0.385,-0.25
4.2555555555555555,-0.385,-0.26
4.258333333333334,-0.4,-0.265
4.261111111111111,-0.41,-0.275
4.263888888888889,-0.41,-0.255
4.266666666666667,-0.39,-0.24
4.269444444444445,-0.39,-0.245
4.272222222222222,-0.405,-0.26
4.275,-0.405,-0.26
4.277777777777778,-0.415,-0.265
4.280555555555556,-0.41,-0.25
4.283333333333333,-0.395,-0.25
4.286111111111111,-0.395,-0.245
4.288888888888889,-0.4,-0.25
4.291666666666667,-0.415,-0.265
4.294444444444444,-0.415,-0.255
4.2972222222222225,-0.415,-0.25
4.3,-0.4,-0.245
4.302777777777778,-0.39,-0.245
4.305555555555555,-0.39,-0.255
4.308333333333334,-0.41,-0.26
4.311111111111111,-0.415,-0.25
4.313888888888889,-0.405,-0.24
4.316666666666666,-0.395,-0.215
4.319444444444445,-0.395,-0.23
4.322222222222222,-0.395,-0.25
4.325,-0.405,-0.25
4.3277777777777775,-0.41,-0.255
4.330555555555556,-0.41,-0.24
4.333333333333333,-0.4,-0.22
4.336111111111111,-0.39,-0.235
4.338888888888889,-0.395,-0.235
4.341666666666667,-0.41,-0.24
4.344444444444444,-0.425,-0.255
4.347222222222222,-0.415,-0.245
4.35,-0.405,-0.225
4.352777777777778,-0.41,-0.23
4.355555555555555,-0.405,-0.235
4.358333333333333,-0.415,-0.24
4.361111111111111,-0.425,-0.24
4.363888888888889,-0.425,-0.24
4.366666666666666,-0.41,-0.23
4.3694444444444445,-0.395,-0.245
4.372222222222222,-0.39,-0.255
4.375,-0.4,-0.25
4.377777777777778,-0.41,-0.25
4.3805555555555555,-0.41,-0.235
4.383333333333334,-0.4,-0.24
4.386111111111111,-0.39,-0.235
4.388888888888889,-0.41,-0.255
4.391666666666667,-0.42,-0.255
4.394444444444445,-0.42,-0.255
4.397222222222222,-0.415,-0.25
4.4,-0.415,-0.235
4.402777777777778,-0.405,-0.26
4.405555555555556,-0.42,-0.255
4.408333333333333,-0.415,-0.27
4.411111111111111,-0.425,-0.285
4.413888888888889,-0.41,-0.285
4.416666666666667,-0.4,-0.28
4.419444444444444,-0.405,-0.285
4.4222222222222225,-0.4,-0.285
4.425,-0.4,-0.305
4.427777777777778,-0.41,-0.295
4.430555555555555,-0.4,-0.285
4.433333333333334,-0.395,-0.29
4.436111111111111,-0.395,-0.305
4.438888888888889,-0.405,-0.32
4.441666666666666,-0.41,-0.335
4.444444444444445,-0.425,-0.34
4.447222222222222,-0.425,-0.315
4.45,-0.41,-0.315
4.4527777777777775,-0.41,-0.33
4.455555555555556,-0.42,-0.345
4.458333333333333,-0.43,-0.35
4.461111111111111,-0.445,-0.355
4.463888888888889,-0.44,-0.365
4.466666666666667,-0.435,-0.355
4.469444444444444,-0.43,-0.365
4.472222222222222,-0.43,-0.37
4.475,-0.45,-0.375
4.477777777777778,-0.445,-0.375
4.480555555555555,-0.445,-0.37
4.483333333333333,-0.435,-0.355
4.486111111111111,-0.435,-0.36
4.488888888888889,-0.445,-0.34
4.491666666666666,-0.44,-0.34
4.4944444444444445,-0.45,-0.33
4.497222222222222,-0.43,-0.315
4.5,-0.43,-0.29
4.502777777777778,-0.415,-0.275
4.5055555555555555,-0.4,-0.265
4.508333333333334,-0.4,-0.26
4.511111111111111,-0.385,-0.245
4.513888888888889,-0.365,-0.225
4.516666666666667,-0.335,-0.205
4.519444444444445,-0.33,-0.2
4.522222222222222,-0.325,-0.19
4.525,-0.33,-0.2
4.527777777777778,-0.33,-0.185
4.530555555555556,-0.31,-0.175
4.533333333333333,-0.295,-0.16
4.536111111111111,-0.285,-0.155
4.538888888888889,-0.29,-0.165
4.541666666666667,-0.29,-0.16
4.544444444444444,-0.31,-0.17
4.5472222222222225,-0.295,-0.15
4.55,-0.285,-0.145
4.552777777777778,-0.28,-0.15
4.555555555555555,-0.3,-0.145
4.558333333333334,-0.29,-0.145
4.561111111111111,-0.295,-0.155
4.563888888888889,-0.29,-0.15
4.566666666666666,-0.28,-0.135
4.569444444444445,-0.275,-0.145
4.572222222222222,-0.275,-0.145
4.575,-0.29,-0.15
4.5777777777777775,-0.29,-0.145
4.580555555555556,-0.285,-0.14
4.583333333333333,-0.27,-0.13
4.586111111111111,-0.27,-0.135
4.588888888888889,-0.27,-0.14
4.591666666666667,-0.275,-0.145
4.594444444444444,-0.29,-0.165
4.597222222222222,-0.285,-0.155
4.6,-0.275,-0.145
4.602777777777778,-0.275,-0.15
4.605555555555555,-0.29,-0.16
4.608333333333333,-0.295,-0.16
4.611111111111111,-0.305,-0.16
4.613888888888889,-0.295,-0.145
4.616666666666666,-0.295,-0.14
4.6194444444444445,-0.285,-0.15
4.622222222222222,-0.29,-0.165
4.625,-0.3,-0.17
4.627777777777778,-0.305,-0.165
4.6305555555555555,-0.31,-0.165
4.633333333333334,-0.295,-0.15
4.636111111111111,-0.3,-0.15
4.638888888888889,-0.305,-0.165
4.641666666666667,-0.31,-0.17
4.644444444444445,-0.325,-0.18
4.647222222222222,-0.325,-0.165
4.65,-0.315,-0.155
4.652777777777778,-0.31,-0.16
4.655555555555556,-0.315,-0.165
4.658333333333333,-0.315,-0.175
4.661111111111111,-0.325,-0.18
4.663888888888889,-0.32,-0.165
4.666666666666667,-0.31,-0.15
4.669444444444444,-0.32,-0.17
4.6722222222222225,-0.315,-0.17
4.675,-0.33,-0.185
4.677777777777778,-0.33,-0.175
4.680555555555555,-0.32,-0.175
4.683333333333334,-0.31,-0.16
4.686111111111111,-0.31,-0.165
4.688888888888889,-0.31,-0.17
4.691666666666666,-0.33,-0.18
4.694444444444445,-0.335,-0.175
4.697222222222222,-0.33,-0.17
4.7,-0.32,-0.16
4.7027777777777775,-0.325,-0.16
4.705555555555556,-0.325,-0.17
4.708333333333333,-0.33,-0.19
4.711111111111111,-0.335,-0.165
4.713888888888889,-0.33,-0.16
4.716666666666667,-0.325,-0.155
4.719444444444444,-0.325,-0.16
4.722222222222222,-0.32,-0.155
4.725,-0.325,-0.165
4.727777777777778,-0.33,-0.185
4.730555555555555,-0.325,-0.175
4.733333333333333,-0.315,-0.15
4.736111111111111,-0.305,-0.155
4.738888888888889,-0.325,-0.165
4.741666666666666,-0.315,-0.17
4.7444444444444445,-0.335,-0.17
4.747222222222222,-0.33,-0.165
4.75,-0.31,-0.15
4.752777777777778,-0.32,-0.16
4.7555555555555555,-0.33,-0.17
4.758333333333334,-0.33,-0.175
4.761111111111111,-0.335,-0.18
4.763888888888889,-0.33,-0.155
4.766666666666667,-0.33,-0.15
4.769444444444445,-0.32,-0.145
4.772222222222222,-0.32,-0.16
4.775,-0.33,-0.165
4.777777777777778,-0.33,-0.16
4.780555555555556,-0.325,-0.16
4.783333333333333,-0.315,-0.145
4.786111111111111,-0.315,-0.15
4.788888888888889,-0.315,-0.15
4.791666666666667,-0.33,-0.16
4.794444444444444,-0.33,-0.16
4.7972222222222225,-0.32,-0.15
4.8,-0.315,-0.15
4.802777777777778,-0.305,-0.15
4.805555555555555,-0.305,-0.155
4.808333333333334,-0.295,-0.16
4.811111111111111,-0.315,-0.16
4.813888888888889,-0.3,-0.15
4.816666666666666,-0.275,-0.13
4.819444444444445,-0.255,-0.15
4.822222222222222,-0.255,-0.155
4.825,-0.26,-0.16
4.8277777777777775,-0.265,-0.15
4.830555555555556,-0.255,-0.125
4.833333333333333,-0.235,-0.12
4.836111111111111,-0.23,-0.115
4.838888888888889,-0.225,-0.125
4.841666666666667,-0.22,-0.135
4.844444444444444,-0.22,-0.14
4.847222222222222,-0.215,-0.13
4.85,-0.2,-0.105
4.852777777777778,-0.205,-0.105
4.855555555555555,-0.205,-0.1
4.858333333333333,-0.225,-0.105
4.861111111111111,-0.235,-0.09
4.863888888888889,-0.24,-0.08
4.866666666666666,-0.23,-0.075
4.8694444444444445,-0.215,-0.09
4.872222222222222,-0.24,-0.09
4.875,-0.24,-0.1
4.877777777777778,-0.25,-0.1
4.8805555555555555,-0.235,-0.095
4.883333333333334,-0.21,-0.09
4.886111111111111,-0.2,-0.11
4.888888888888889,-0.22,-0.125
4.891666666666667,-0.255,-0.13
4.894444444444445,-0.275,-0.12
4.897222222222222,-0.285,-0.12
4.9,-0.3,-0.11
4.902777777777778,-0.305,-0.11
4.905555555555556,-0.32,-0.12
4.908333333333333,-0.33,-0.13
4.911111111111111,-0.325,-0.14
4.913888888888889,-0.32,-0.145
4.916666666666667,-0.33,-0.125
4.919444444444444,-0.33,-0.13
4.9222222222222225,-0.335,-0.15
4.925,-0.34,-0.145
4.927777777777778,-0.345,-0.14
4.930555555555555,-0.34,-0.14
4.933333333333334,-0.335,-0.12
4.936111111111111,-0.32,-0.135
4.938888888888889,-0.325,-0.145
4.941666666666666,-0.335,-0.16
4.944444444444445,-0.345,-0.15
4.947222222222222,-0.345,-0.135
4.95,-0.345,-0.125
4.9527777777777775,-0.335,-0.135
4.955555555555556,-0.34,-0.145
4.958333333333333,-0.345,-0.15
4.961111111111111,-0.355,-0.16
4.963888888888889,-0.34,-0.145
4.966666666666667,-0.34,-0.135
4.969444444444444,-0.34,-0.135
4.972222222222222,-0.34,-0.125
4.975,-0.345,-0.16
4.977777777777778,-0.355,-0.175
4.980555555555555,-0.365,-0.195
4.983333333333333,-0.37,-0.21
4.986111111111111,-0.405,-0.23
4.988888888888889,-0.445,-0.27
4.991666666666666,-0.48,-0.29
4.9944444444444445,-0.495,-0.28
4.997222222222222,-0.52,-0.195
